ASD_Prob,ADHD_Prob,IDDD_Prob
0.9366666666666666,0.013333333333333334,0.05
0.10333333333333333,0.14,0.7566666666666667
0.07333333333333333,0.07666666666666666,0.85
0.10333333333333333,0.8633333333333333,0.03333333333333333
0.8966666666666666,0.07666666666666666,0.02666666666666667
0.12333333333333334,0.8333333333333334,0.043333333333333335
0.043333333333333335,0.18333333333333332,0.7733333333333333
0.9233333333333333,0.06,0.016666666666666666
0.13,0.7766666666666666,0.09333333333333334
